[{"name":"Acerno","id":135254},{"name":"Acerra","id":135255},{"name":"Afragola","id":135294},{"name":"Agerola","id":135298},{"name":"Agropoli","id":135319},{"name":"Aiello del Sabato","id":135328},{"name":"Ailano","id":135330},{"name":"Airola","id":135334},{"name":"Albanella","id":135350},{"name":"Alfano","id":135399},{"name":"Alife","id":135411},{"name":"Altavilla Irpina","id":135432},{"name":"Altavilla Silentina","id":135435},{"name":"Alvignano","id":135448},{"name":"Amalfi","id":135456},{"name":"Amodio-Massariola","id":135472},{"name":"Amorosi","id":135473},{"name":"Anacapri","id":135475},{"name":"Andretta-Mattinella","id":135490},{"name":"Angri","id":135500},{"name":"Annunziata","id":135508},{"name":"Antessano","id":135515},{"name":"Apice Vecchio","id":135532},{"name":"Apollosa","id":135534},{"name":"Aquara","id":135543},{"name":"Aquilonia","id":135546},{"name":"Arenella","id":135587},{"name":"Ariano","id":135599},{"name":"Ariano Irpino-Martiri","id":135600},{"name":"Arienzo","id":135603},{"name":"Ariola","id":135606},{"name":"Arola-Preazzano","id":135623},{"name":"Arpaia","id":135626},{"name":"Arpaise","id":135627},{"name":"Arpino","id":135629},{"name":"Arzano","id":135649},{"name":"Ascea","id":135653},{"name":"Atena Lucana","id":135674},{"name":"Atrani","id":135678},{"name":"Atripalda","id":135680},{"name":"Auletta","id":135686},{"name":"Avella","id":135699},{"name":"Avellino","id":135700},{"name":"Aversa","id":135702},{"name":"Avvocata","id":135715},{"name":"Bacoli","id":135729},{"name":"Bagnoli","id":135762},{"name":"Bagnoli Irpino","id":135763},{"name":"Baia","id":135777},{"name":"Baiano","id":135778},{"name":"Banzano","id":135805},{"name":"Barano d'Ischia","id":135812},{"name":"Baronissi","id":135865},{"name":"Barra","id":135867},{"name":"Baselice","id":135883},{"name":"Battipaglia","id":135909},{"name":"Bellizzi","id":135945},{"name":"Bellona","id":135947},{"name":"Bellosguardo","id":135948},{"name":"Beltiglio-San Giovanni","id":135959},{"name":"Benevento","id":135976},{"name":"Bisaccia","id":136058},{"name":"Bisaccia Nuova","id":136059},{"name":"Bivio Mortola","id":136071},{"name":"Bivio Santa Cecilia","id":136073},{"name":"Bonea","id":136134},{"name":"Bonito","id":136139},{"name":"Borgo","id":136170},{"name":"Boscoreale","id":136247},{"name":"Boscotrecase","id":136248},{"name":"Bracigliano","id":136282},{"name":"Brezza","id":136322},{"name":"Brusciano","id":136375},{"name":"Bucciano","id":136386},{"name":"Buccino","id":136388},{"name":"Buonabitacolo","id":136405},{"name":"Buonalbergo","id":136406},{"name":"Caggiano","id":136466},{"name":"Caianello","id":136474},{"name":"Caiazzo","id":136475},{"name":"Cairano","id":136481},{"name":"Caivano","id":136484},{"name":"Calabritto","id":136486},{"name":"Calitri","id":136529},{"name":"Calvanico","id":136551},{"name":"Calvi","id":136557},{"name":"Calvi Risorta","id":136558},{"name":"Calvizzano","id":136564},{"name":"Camerota","id":136585},{"name":"Camigliano","id":136586},{"name":"Campagna","id":136599},{"name":"Campanarello","id":136608},{"name":"Campolattaro","id":136658},{"name":"Campoli del Monte Taburno","id":136661},{"name":"Campora","id":136672},{"name":"Camposano","id":136680},{"name":"Cancello-Arnone","id":136695},{"name":"Candida","id":136703},{"name":"Cannalonga","id":136718},{"name":"Capaccio","id":136756},{"name":"Capaccio Scalo","id":136757},{"name":"Capezzano Inferiore","id":136766},{"name":"Capezzano-Cologna","id":136767},{"name":"Capitignano","id":136775},{"name":"Capodrise","id":136782},{"name":"Caposele","id":136787},{"name":"Capri","id":136809},{"name":"Capriati A Volturno","id":136816},{"name":"Capriglia","id":136818},{"name":"Capriglia Irpina","id":136819},{"name":"Capua","id":136825},{"name":"Carano","id":136832},{"name":"Carbonara di Nola","id":136847},{"name":"Cardito","id":136862},{"name":"Carife","id":136875},{"name":"Carifi-Torello-Priscoli","id":136876},{"name":"Carinaro","id":136879},{"name":"Carinola","id":136881},{"name":"Casagiove","id":136956},{"name":"Casal di Principe","id":136960},{"name":"Casal Velino","id":136959},{"name":"Casalbore","id":136966},{"name":"Casalbuono","id":136968},{"name":"Casalduni","id":136971},{"name":"Casale","id":136972},{"name":"Casaletto Spartano","id":136987},{"name":"Casali-San Potito","id":136994},{"name":"Casalnuovo di Napoli","id":137004},{"name":"Casaluce","id":137009},{"name":"Casamarciano","id":137015},{"name":"Casamicciola Terme","id":137018},{"name":"Casandrino","id":137019},{"name":"Casanova","id":137021},{"name":"Casapesenna","id":137026},{"name":"Casapulla","id":137029},{"name":"Casarea","id":137031},{"name":"Casavatore","id":137041},{"name":"Cascano","id":137044},{"name":"Caselle in Pittari","id":137063},{"name":"Caserta","id":137065},{"name":"Casola","id":137077},{"name":"Casola di Napoli","id":137079},{"name":"Casoria","id":137089},{"name":"Cassano Irpino","id":137096},{"name":"Castel Baronia","id":137129},{"name":"Castel Campagnano","id":137132},{"name":"Castel di Sasso","id":137174},{"name":"Castel Morrone","id":137146},{"name":"Castel San Giorgio","id":137150},{"name":"Castel San Lorenzo","id":137152},{"name":"Castel Volturno","id":137161},{"name":"Castelcivita","id":137185},{"name":"Castelfranci","id":137196},{"name":"Castelfranco in Miscano","id":137201},{"name":"Castellammare di Stabia","id":137213},{"name":"Castello del Matese","id":137257},{"name":"Castello di Cisterna","id":137261},{"name":"Castelnuovo Cilento","id":137288},{"name":"Castelnuovo di Conza","id":137300},{"name":"Castelpagano","id":137305},{"name":"Castelpoto","id":137309},{"name":"Castelvenere","id":137324},{"name":"Castelvetere in Val Fortore","id":137327},{"name":"Castelvetere sul Calore","id":137328},{"name":"Castiglione del Genovesi","id":137352},{"name":"Cautano","id":137400},{"name":"Cava Dè Tirreni","id":137401},{"name":"Celle di Bulgheria","id":137475},{"name":"Cellole","id":137482},{"name":"Centola","id":137499},{"name":"Centro Urbano","id":137503},{"name":"Ceppaloni","id":137508},{"name":"Ceraso","id":137517},{"name":"Cercola","id":137528},{"name":"Cerreto Sannita","id":137566},{"name":"Cervinara","id":137595},{"name":"Cervino","id":137596},{"name":"Cesa","id":137600},{"name":"Cesinali","id":137613},{"name":"Cetara","id":137620},{"name":"Chiaia","id":137638},{"name":"Chiaiano","id":137639},{"name":"Chianche","id":137642},{"name":"Chiusano di San Domenico","id":137693},{"name":"Cicciano","id":137709},{"name":"Cicerale","id":137710},{"name":"Cimitile","id":137726},{"name":"Ciorlano","id":137743},{"name":"Circello","id":137746},{"name":"Colle Sannita","id":137864},{"name":"Colliano","id":137902},{"name":"Comiziano","id":137944},{"name":"Conca dei Marini","id":137954},{"name":"Conca della Campania","id":137955},{"name":"Contrada","id":137979},{"name":"Controne","id":137981},{"name":"Contursi Terme","id":137982},{"name":"Coperchia","id":137985},{"name":"Corbara","id":137993},{"name":"Corleto Monforte","id":138018},{"name":"Country Park","id":138114},{"name":"Crispano","id":138155},{"name":"Cuccaro Vetere","id":138179},{"name":"Curti","id":138209},{"name":"Cusano Mutri","id":138212},{"name":"Domicella","id":138290},{"name":"Dragonea","id":138325},{"name":"Dragoni","id":138326},{"name":"Dugenta","id":138340},{"name":"Durazzano","id":138345},{"name":"Eboli","id":138348},{"name":"Ercolano","id":138372},{"name":"Faiano","id":138411},{"name":"Faicchio","id":138412},{"name":"Falciano del Massico","id":138414},{"name":"Faraldo-Nocelleto","id":138444},{"name":"Felitto","id":138470},{"name":"Fisciano","id":138545},{"name":"Flumeri","id":138567},{"name":"Foglianise","id":138573},{"name":"Foiano di Val Fortore","id":138579},{"name":"Fontanarosa","id":138595},{"name":"Fontegreca","id":138611},{"name":"Forchia","id":138620},{"name":"Forino","id":138629},{"name":"Forio","id":138630},{"name":"Formicola","id":138638},{"name":"Fragneto L'Abate","id":138688},{"name":"Fragneto Monforte","id":138689},{"name":"Franche","id":138701},{"name":"Francolise","id":138705},{"name":"Frasso Telesino","id":138718},{"name":"Frattamaggiore","id":138722},{"name":"Frattaminore","id":138723},{"name":"Frigento","id":138733},{"name":"Frignano","id":138734},{"name":"Fuorigrotta","id":138752},{"name":"Fuorni","id":138753},{"name":"Furore","id":138758},{"name":"Futani","id":138764},{"name":"Gallo","id":138816},{"name":"Gallo Matese","id":138817},{"name":"Galluccio","id":138820},{"name":"Gesualdo","id":138928},{"name":"Giano Vetusto","id":138942},{"name":"Giffoni Valle Piana","id":138957},{"name":"Ginestra degli Schiavoni","id":138965},{"name":"Gioi","id":138967},{"name":"Gioia Sannitica","id":138968},{"name":"Giugliano in Campania","id":138988},{"name":"Giungano","id":138995},{"name":"Gragnano","id":139056},{"name":"Grazzanise","id":139084},{"name":"Greci","id":139086},{"name":"Gricignano di Aversa","id":139096},{"name":"Grottaminarda","id":139122},{"name":"Grottola","id":139129},{"name":"Grottolella","id":139131},{"name":"Grumo Nevano","id":139140},{"name":"Guardia Lombardi","id":139159},{"name":"Guardia Sanframondi","id":139162},{"name":"Ischia","id":139227},{"name":"Ischia Porto","id":139228},{"name":"Ispani","id":139258},{"name":"Lacco Ameno","id":139313},{"name":"Lacedonia","id":139314},{"name":"Lancusi-Penta-Bolano","id":139355},{"name":"Lanzara","id":139364},{"name":"Lapio","id":139368},{"name":"Laura","id":139396},{"name":"Laureana Cilento","id":139397},{"name":"Laurino","id":139404},{"name":"Laurito","id":139405},{"name":"Lauro","id":139406},{"name":"Laviano","id":139415},{"name":"Letino","id":139476},{"name":"Lettere","id":139478},{"name":"Liberi","id":139492},{"name":"Licinella-Torre di Paestum","id":139497},{"name":"Licusati","id":139499},{"name":"Limatola","id":139516},{"name":"Lioni","id":139532},{"name":"Liveri","id":139546},{"name":"Luogosano","id":139662},{"name":"Lusciano","id":139670},{"name":"Lustra","id":139679},{"name":"Luzzano","id":139683},{"name":"Macchia","id":139690},{"name":"Maccoli-Perrillo","id":139694},{"name":"Macerata Campania","id":139697},{"name":"Maddaloni","id":139706},{"name":"Magliano Vetere","id":139728},{"name":"Maiori","id":139749},{"name":"Malche-Santa Croce-Serroni","id":139759},{"name":"Manocalzati","id":139801},{"name":"Marano di Napoli","id":139827},{"name":"Marcianise","id":139847},{"name":"Mariglianella","id":139870},{"name":"Marigliano","id":139871},{"name":"Marina di Camerota","id":139878},{"name":"Marina di Casal Velino","id":139882},{"name":"Marzanello","id":139944},{"name":"Marzano Appio","id":139946},{"name":"Marzano di Nola","id":139947},{"name":"Massa di Somma","id":139976},{"name":"Massa Lubrense","id":139972},{"name":"Masseria Vecchia Ovest","id":139985},{"name":"Matinella","id":139996},{"name":"Melito di Napoli","id":140051},{"name":"Melito Irpino","id":140050},{"name":"Melizzano","id":140053},{"name":"Mercato","id":140076},{"name":"Mercato San Severino","id":140077},{"name":"Mercogliano","id":140081},{"name":"Meta","id":140101},{"name":"Miano","id":140127},{"name":"Mignano Monte Lungo","id":140141},{"name":"Minori","id":140161},{"name":"Mirabella Eclano","id":140167},{"name":"Moiano","id":140202},{"name":"Moio della Civitella-Pellare","id":140207},{"name":"Molinara","id":140216},{"name":"Mondragone","id":140276},{"name":"Montaguto","id":140313},{"name":"Montano Antilia","id":140343},{"name":"Monte di Procida","id":140385},{"name":"Monte San Giacomo","id":140369},{"name":"Montecalvario","id":140395},{"name":"Montecalvo Irpino","id":140396},{"name":"Montecorice","id":140420},{"name":"Montecorvino Pugliano","id":140421},{"name":"Montecorvino Rovella","id":140422},{"name":"Montedecoro","id":140426},{"name":"Montefalcione","id":140429},{"name":"Montefalcone di Val Fortore","id":140432},{"name":"Monteforte Cilento","id":140443},{"name":"Monteforte Irpino","id":140444},{"name":"Montefredane","id":140448},{"name":"Montefusco","id":140449},{"name":"Montella","id":140476},{"name":"Montemarano","id":140487},{"name":"Montemiletto","id":140494},{"name":"Monterusciello","id":140529},{"name":"Montesano sulla Marcellana","id":140531},{"name":"Montesarchio","id":140532},{"name":"Monteverde","id":140549},{"name":"Monticelli","id":140558},{"name":"Montoro Superiore","id":140587},{"name":"Morcone","id":140606},{"name":"Morigerati","id":140618},{"name":"Morra de Sanctis","id":140631},{"name":"Moschiano","id":140645},{"name":"Mugnano del Cardinale","id":140679},{"name":"Mugnano di Napoli","id":140680},{"name":"Musci","id":140697},{"name":"Naples","id":140713},{"name":"Napoli","id":140714},{"name":"Nocelleto","id":140781},{"name":"Nocera Inferiore","id":140782},{"name":"Nocera Superiore","id":140784},{"name":"Nola","id":140797},{"name":"Novi Velia","id":140836},{"name":"Nuova Conza della Campania","id":140850},{"name":"Nusco","id":140861},{"name":"Ogliastro Cilento","id":140883},{"name":"Olevano sul Tusciano","id":140891},{"name":"Oliveto Citra","id":140901},{"name":"Omignano","id":140919},{"name":"Orria","id":140968},{"name":"Orta di Atella","id":140979},{"name":"Ospedaletto d'Alpinolo","id":141020},{"name":"Ottati","id":141048},{"name":"Ottaviano","id":141050},{"name":"Padula","id":141088},{"name":"Paduli","id":141090},{"name":"Pagani","id":141094},{"name":"Pagliarone","id":58208},{"name":"Pago del Vallo di Lauro","id":58214},{"name":"Pago Veiano","id":58213},{"name":"Palinuro","id":58245},{"name":"Palma Campania","id":58253},{"name":"Palomonte","id":58265},{"name":"Pannarano","id":58281},{"name":"Paolisi","id":58288},{"name":"Parete","id":58303},{"name":"Parolise","id":58311},{"name":"Pascarola","id":58321},{"name":"Passo di Mirabella-Pianopantano","id":58332},{"name":"Pastorano","id":58339},{"name":"Paternopoli","id":58345},{"name":"Paupisi","id":58357},{"name":"Pellezzano","id":58395},{"name":"Pendino","id":58400},{"name":"Perdifumo","id":58418},{"name":"Perito","id":58426},{"name":"Pertosa","id":58444},{"name":"Pesco Sannita","id":58460},{"name":"Petina","id":58475},{"name":"Petruro Irpino","id":58488},{"name":"Pezzano-Filetta","id":58498},{"name":"Piaggine","id":58506},{"name":"Piana di Monte Verna","id":58515},{"name":"Pianillo","id":58536},{"name":"Piano","id":58537},{"name":"Piano di Sorrento","id":58545},{"name":"Pianura","id":58553},{"name":"Piazza del Galdo-Sant'Angelo","id":58570},{"name":"Piazza di Pandola","id":58571},{"name":"Piazza Roma","id":58568},{"name":"Piazza-Tralia-Pendolo","id":58572},{"name":"Piazzola","id":58574},{"name":"Piazzolla","id":58576},{"name":"Piedimonte","id":58588},{"name":"Piedimonte Matese","id":58590},{"name":"Piegolelle-San Bartolomeo","id":58596},{"name":"Pietradefusi","id":58611},{"name":"Pietramelara","id":58616},{"name":"Pietraroja","id":58624},{"name":"Pietrastornina","id":58626},{"name":"Pietravairano","id":58627},{"name":"Pietre","id":58628},{"name":"Pietrelcina","id":58629},{"name":"Pignataro Maggiore","id":58662},{"name":"Pimonte","id":58670},{"name":"Piscinola","id":58706},{"name":"Pisciotta","id":58707},{"name":"Poggiomarino","id":58769},{"name":"Poggioreale","id":58770},{"name":"Policastro Bussentino","id":58788},{"name":"Polla","id":58795},{"name":"Pollena Trocchia","id":58797},{"name":"Pollica","id":58799},{"name":"Polvica","id":58807},{"name":"Pomigliano d'Arco","id":58816},{"name":"Pompei","id":58817},{"name":"Ponte","id":58832},{"name":"Pontecagnano","id":58863},{"name":"Pontelandolfo","id":58871},{"name":"Pontelatone","id":58873},{"name":"Ponticelli","id":58885},{"name":"Portici","id":58917},{"name":"Portico di Caserta","id":58918},{"name":"Porto","id":58922},{"name":"Posillipo","id":58954},{"name":"Positano","id":58956},{"name":"Postiglione","id":58962},{"name":"Pozzillo","id":58981},{"name":"Pozzuoli","id":58989},{"name":"Praiano","id":58999},{"name":"Prata di Principato Ultra","id":59017},{"name":"Prata Sannita Centro","id":59014},{"name":"Pratella","id":59019},{"name":"Prato Perillo","id":59030},{"name":"Pratola Serra","id":59034},{"name":"Pratole","id":59035},{"name":"Prepezzano","id":59062},{"name":"Presenzano","id":59065},{"name":"Prignano Cilento","id":59076},{"name":"Procida","id":59086},{"name":"Provincia di Avellino","id":59111},{"name":"Provincia di Benevento","id":59114},{"name":"Provincia di Caserta","id":59122},{"name":"Provincia di Salerno","id":59172},{"name":"Puglianello","id":59196},{"name":"Pugliano","id":59197},{"name":"Quadrelle","id":59211},{"name":"Quadrivio","id":59213},{"name":"Qualiano","id":59215},{"name":"Quarto","id":59228},{"name":"Quindici","id":59245},{"name":"Ravello","id":59298},{"name":"Raviscanina","id":59302},{"name":"Recale","id":59309},{"name":"Reino","id":59325},{"name":"Rettifilo-Vannullo","id":59339},{"name":"Riardo","id":59358},{"name":"Ricigliano","id":59370},{"name":"Rocca San Felice","id":59477},{"name":"Roccabascerana","id":59490},{"name":"Roccadaspide","id":59495},{"name":"Roccagloriosa","id":59503},{"name":"Roccamonfina","id":59509},{"name":"Roccapiemonte","id":59514},{"name":"Roccarainola","id":59515},{"name":"Roccaromana","id":59517},{"name":"Rocchetta","id":59535},{"name":"Rofrano","id":59556},{"name":"Roscigno","id":59631},{"name":"Rotondi","id":59661},{"name":"Rutino","id":59706},{"name":"Ruviano","id":59707},{"name":"Sacco","id":59717},{"name":"Sala","id":59738},{"name":"Sala Consilina","id":59743},{"name":"Salento","id":59759},{"name":"Salerno","id":59762},{"name":"Salitto-Valle","id":59775},{"name":"Salvitelle","id":59791},{"name":"Salza Irpina","id":59793},{"name":"San Bartolomeo in Galdo","id":59822},{"name":"San Carlo All'Arena","id":59854},{"name":"San Castrese","id":59861},{"name":"San Cipriano d'Aversa","id":59871},{"name":"San Cipriano Picentino","id":59869},{"name":"San Clemente","id":59875},{"name":"San Felice A Cancello","id":59908},{"name":"San Ferdinando","id":59914},{"name":"San Gennaro Vesuviano","id":59935},{"name":"San Giorgio","id":59952},{"name":"San Giorgio a Cremano","id":59963},{"name":"San Giorgio del Sannio","id":59966},{"name":"San Giorgio la Molara","id":59976},{"name":"San Giovanni A Piro","id":59981},{"name":"San Giovanni a Teduccio","id":59991},{"name":"San Giuseppe","id":60011},{"name":"San Giuseppe Vesuviano","id":60013},{"name":"San Gregorio Magno","id":60020},{"name":"San Gregorio Matese","id":60021},{"name":"San Leucio del Sannio-Cavuoti","id":60033},{"name":"San Lorenzello","id":60035},{"name":"San Lorenzo","id":60038},{"name":"San Lorenzo Maggiore","id":60042},{"name":"San Lupo","id":60052},{"name":"San Mango Piemonte","id":60054},{"name":"San Mango sul Calore","id":60056},{"name":"San Marcellino","id":60057},{"name":"San Marco","id":60060},{"name":"San Marco dei Cavoti","id":60064},{"name":"San Marco Evangelista","id":60062},{"name":"San Martino Sannita","id":60076},{"name":"San Martino Valle Caudina","id":60078},{"name":"San Marzano sul Sarno","id":60100},{"name":"San Mauro Cilento","id":60106},{"name":"San Mauro la Bruca","id":60113},{"name":"San Michele","id":60116},{"name":"San Michele di Serino","id":60125},{"name":"San Nazzaro","id":60130},{"name":"San Nicola Baronia","id":60138},{"name":"San Nicola la Strada","id":60142},{"name":"San Nicola Manfredi","id":60139},{"name":"San Paolo Bel Sito","id":60158},{"name":"San Pietro","id":60172},{"name":"San Pietro a Patierno","id":60187},{"name":"San Pietro al Tanagro","id":60189},{"name":"San Pietro Infine","id":60179},{"name":"San Potito Sannitico","id":60211},{"name":"San Potito Ultra","id":60212},{"name":"San Prisco","id":60213},{"name":"San Rufo","id":60229},{"name":"San Salvatore Telesino","id":60232},{"name":"San Sebastiano al Vesuvio","id":60237},{"name":"San Sossio Baronia","id":60246},{"name":"San Tammaro","id":60251},{"name":"San Valentino Torio","id":60258},{"name":"San Vitaliano","id":60271},{"name":"Sant'Agata de'Goti","id":60320},{"name":"Sant'Agata sui Due Golfi","id":60325},{"name":"Sant'Agnello","id":60327},{"name":"Sant'Anastasia","id":60340},{"name":"Sant'Andrea di Conza","id":60348},{"name":"Sant'Andrea-Pizzone-Ciamprisco","id":60350},{"name":"Sant'Angelo","id":60352},{"name":"Sant'Angelo A Cupolo","id":60353},{"name":"Sant'Angelo A Fasanella","id":60354},{"name":"Sant'Angelo A Scala","id":60355},{"name":"Sant'Angelo All'Esca","id":60356},{"name":"Sant'Angelo d'Alife","id":60362},{"name":"Sant'Angelo dei Lombardi","id":60363},{"name":"Sant'Angelo in Formis","id":60367},{"name":"Sant'Antimo","id":60376},{"name":"Sant'Antonio","id":60380},{"name":"Sant'Antonio Abate","id":60383},{"name":"Sant'Arcangelo Trimonte","id":60388},{"name":"Sant'Arpino","id":60389},{"name":"Sant'Arsenio","id":60390},{"name":"Sant'Egidio del Monte Albino","id":60392},{"name":"Sant'Elena Irpina","id":60394},{"name":"Santa Croce del Sannio","id":60428},{"name":"Santa Lucia","id":60445},{"name":"Santa Lucia di Serino","id":60449},{"name":"Santa Maria","id":60455},{"name":"Santa Maria A Vico","id":60457},{"name":"Santa Maria Capua Vetere","id":60459},{"name":"Santa Maria La Carità","id":60464},{"name":"Santa Maria la Fossa","id":60479},{"name":"Santa Marina","id":60482},{"name":"Santa Paolina","id":60488},{"name":"Santa Tecla-Castelpagano","id":60493},{"name":"Santo Stefano del Sole","id":60519},{"name":"Santomenna","id":60528},{"name":"Sanza","id":60532},{"name":"Sapri","id":60538},{"name":"Sarno","id":60554},{"name":"Sassano","id":60567},{"name":"Sassinoro","id":60571},{"name":"Saviano","id":60586},{"name":"Savignano Irpino","id":60588},{"name":"Scafati","id":60602},{"name":"Scala","id":60604},{"name":"Scalo Romagnano al Monte","id":60610},{"name":"Scampia","id":60613},{"name":"Scampitella","id":60614},{"name":"Scario","id":60631},{"name":"Scisciano","id":60658},{"name":"Secondigliano","id":60678},{"name":"Senerchia","id":60722},{"name":"Serino","id":60742},{"name":"Serramezzana","id":60764},{"name":"Serrara Fontana","id":60768},{"name":"Serre","id":60778},{"name":"Sessa Aurunca","id":60788},{"name":"Sessa Cilento","id":60789},{"name":"Siano","id":60836},{"name":"Sicignano degli Alburni","id":60839},{"name":"Sirignano","id":60872},{"name":"Soccavo","id":60892},{"name":"Solofra","id":60921},{"name":"Solopaca","id":60923},{"name":"Somma Vesuviana","id":60929},{"name":"Sorbo Serpico","id":60950},{"name":"Sorrento","id":60966},{"name":"Sparanise","id":60990},{"name":"Spartimento","id":60993},{"name":"Sperone","id":60999},{"name":"Starza Vecchia","id":61048},{"name":"Stella","id":61062},{"name":"Stella Cilento","id":61063},{"name":"Stio","id":61078},{"name":"Striano","id":61096},{"name":"Sturno","id":61105},{"name":"Succivo","id":61110},{"name":"Summonte","id":61120},{"name":"Taurano","id":61174},{"name":"Taurasi","id":61175},{"name":"Teano","id":61199},{"name":"Teggiano-Macchiaroli","id":61201},{"name":"Telese","id":61205},{"name":"Teora","id":61216},{"name":"Terzigno","id":61255},{"name":"Teverola","id":61269},{"name":"Tocco Caudio","id":61292},{"name":"Tora","id":61315},{"name":"Torchiara","id":61320},{"name":"Torchiati","id":61322},{"name":"Torella dei Lombardi","id":61324},{"name":"Torelli-Torrette","id":61326},{"name":"Torraca","id":61341},{"name":"Torre Annunziata","id":61347},{"name":"Torre Caracciolo","id":61353},{"name":"Torre del Greco","id":61371},{"name":"Torre le Nocelle","id":61377},{"name":"Torre Orsaia","id":61357},{"name":"Torrecuso","id":61381},{"name":"Torretta-Scalzapecora","id":61391},{"name":"Torrioni","id":61408},{"name":"Tortorella","id":61415},{"name":"Tramonti","id":61432},{"name":"Trecase","id":61464},{"name":"Trentinara","id":61482},{"name":"Trentola-Ducenta","id":61484},{"name":"Trescine","id":61493},{"name":"Trevico","id":61503},{"name":"Tufino","id":61564},{"name":"Tufo","id":61565},{"name":"Vairano-Patenora","id":61641},{"name":"Vallata","id":61683},{"name":"Valle Agricola","id":61684},{"name":"Valle dell'Angelo","id":61695},{"name":"Valle di Maddaloni","id":61698},{"name":"Vallesaccarda","id":61716},{"name":"Vallo della Lucania","id":61724},{"name":"Valva","id":61745},{"name":"Venticano","id":61824},{"name":"Vibonati","id":61908},{"name":"Vicaria","id":61912},{"name":"Vico Equense","id":61917},{"name":"Vietri sul Mare","id":61935},{"name":"Villa di Briano","id":62040},{"name":"Villa Literno","id":62004},{"name":"Villamaina","id":62081},{"name":"Villammare","id":62086},{"name":"Villanova del Battista","id":62108},{"name":"Villaricca","id":62129},{"name":"Visciano","id":62172},{"name":"Vitulano","id":62188},{"name":"Vitulazio","id":62189},{"name":"Volla","id":62206},{"name":"Volturara Irpina","id":62221},{"name":"Vomero","id":62224},{"name":"Zona Industriale","id":62272},{"name":"Zungoli","id":62286},{"name":"Zuni","id":62288}]